image_name,true_count,predicted_count,error,abs_error,n_valid,n_partial,n_oversized,processing_time,best_filter,scored_best_filter,threshold_method,cluster_method,kmeans_score,dbscan_score,mask_sum
1.jpg,1,14,13,13,3,2,1,19.502,gaussian,bilateral,otsu,kmeans,202.811,45.982,128254290
2.jpg,2,15,13,13,3,2,1,16.845,gaussian,bilateral,otsu,kmeans,217.571,38.969,144178275
3.jpg,3,25,22,22,3,1,2,14.045,gaussian,bilateral,otsu,kmeans,231.926,31.342,184524120
4.jpg,4,4,0,0,4,0,0,13.642,gaussian,bilateral,adaptive,dbscan,6.801,28.125,37321800
5.jpg,5,22,17,17,8,2,1,13.313,gaussian,bilateral,adaptive,kmeans,209.04,27.584,175033785
6.jpg,6,6,0,0,6,0,0,13.774,gaussian,bilateral,adaptive,dbscan,10.935,26.104,51457215
7.jpg,7,7,0,0,7,0,0,14.633,gaussian,bilateral,adaptive,dbscan,12.014,26.286,55492080
8.jpg,8,8,0,0,8,0,0,14.686,gaussian,bilateral,adaptive,dbscan,13.693,26.252,61171185
9.jpg,9,8,-1,1,8,0,0,15.597,gaussian,bilateral,adaptive,dbscan,15.299,24.014,66759000
10.jpg,10,9,-1,1,9,0,0,15.119,gaussian,bilateral,adaptive,dbscan,16.994,25.304,72898125
11.jpg,11,11,0,0,11,0,0,15.929,gaussian,bilateral,adaptive,dbscan,18.928,26.004,79287660
12.jpg,12,12,0,0,12,0,0,17.019,gaussian,bilateral,adaptive,dbscan,20.033,26.785,81434760
13.jpg,13,12,-1,1,12,0,0,17.299,gaussian,bilateral,adaptive,dbscan,21.264,27.421,86953725
14.jpg,14,13,-1,1,13,0,0,18.612,gaussian,bilateral,adaptive,dbscan,23.573,28.938,92379105
15.jpg,15,14,-1,1,14,0,0,18.373,gaussian,bilateral,adaptive,dbscan,25.227,30.4,96221700
16.jpg,16,15,-1,1,15,0,0,18.683,gaussian,bilateral,adaptive,dbscan,26.803,31.448,100931805
17.jpg,17,16,-1,1,16,0,0,18.987,gaussian,bilateral,adaptive,dbscan,27.79,32.603,106457400
18.jpg,18,16,-2,2,16,0,0,20.13,gaussian,bilateral,adaptive,dbscan,28.852,32.976,105702090
19.jpg,19,16,-3,3,16,0,0,19.39,gaussian,bilateral,adaptive,dbscan,30.06,33.524,108636375
20.jpg,20,17,-3,3,17,0,0,19.98,gaussian,bilateral,adaptive,dbscan,31.387,34.946,111453360
21.jpg,21,18,-3,3,18,0,0,20.437,gaussian,median,adaptive,dbscan,32.356,35.573,115364550
22.jpg,22,16,-6,6,16,0,0,20.763,gaussian,bilateral,adaptive,dbscan,32.77,35.683,117524400
23.jpg,23,13,-10,10,13,0,0,21.49,gaussian,median,adaptive,kmeans,35.263,32.0,117650115
24.jpg,24,14,-10,10,14,0,0,22.447,gaussian,median,adaptive,kmeans,35.985,30.0,120443895
25.jpg,25,14,-11,11,14,0,0,22.256,gaussian,median,adaptive,dbscan,37.018,39.341,132657375
26.jpg,26,15,-11,11,15,0,0,23.031,gaussian,median,adaptive,dbscan,38.219,40.0,136939590
27.jpg,27,16,-11,11,16,0,0,23.589,gaussian,median,adaptive,dbscan,39.323,40.972,126985665
28.jpg,28,16,-12,12,16,0,0,23.751,gaussian,median,adaptive,kmeans,40.249,39.0,129603240
29.jpg,29,17,-12,12,17,0,0,24.114,gaussian,median,adaptive,kmeans,42.57,38.0,137437860
30.jpg,30,17,-13,13,17,0,0,24.661,gaussian,median,adaptive,kmeans,43.974,41.0,137383035
31.jpg,31,24,-7,7,18,0,1,25.902,gaussian,median,adaptive,kmeans,46.449,41.0,147106695
32.jpg,32,25,-7,7,19,0,1,26.027,gaussian,median,adaptive,kmeans,47.792,40.0,144828270
33.jpg,33,29,-4,4,22,0,1,26.506,gaussian,median,adaptive,kmeans,50.064,39.0,166755975
34.jpg,34,28,-6,6,22,0,1,26.997,gaussian,median,adaptive,kmeans,51.132,45.0,168899250
35.jpg,35,29,-6,6,23,0,1,27.064,gaussian,median,adaptive,kmeans,53.161,41.0,172659480
36.jpg,36,29,-7,7,23,0,1,27.716,gaussian,median,adaptive,kmeans,54.651,42.0,181379970
37.jpg,37,30,-7,7,24,0,1,28.363,gaussian,median,adaptive,kmeans,56.359,41.0,187675665
38.jpg,38,31,-7,7,25,0,1,28.803,gaussian,median,adaptive,kmeans,58.837,36.0,193891545
39.jpg,39,33,-6,6,26,0,1,28.725,gaussian,median,adaptive,kmeans,60.072,45.0,197795085
40.jpg,40,33,-7,7,27,0,1,29.346,gaussian,median,adaptive,kmeans,62.728,43.0,205118940
41.jpg,41,34,-7,7,28,0,1,29.489,gaussian,median,adaptive,kmeans,64.1,47.0,210375765
42.jpg,42,35,-7,7,29,0,1,29.766,gaussian,median,adaptive,kmeans,63.688,40.0,212622570
43.jpg,43,36,-7,7,30,0,1,29.643,gaussian,median,adaptive,kmeans,65.679,45.0,208519365
44.jpg,44,37,-7,7,30,0,1,29.712,gaussian,median,adaptive,kmeans,65.626,47.0,211838955
45.jpg,45,38,-7,7,31,0,1,30.045,gaussian,median,adaptive,kmeans,66.411,47.0,212563410
46.jpg,46,38,-8,8,29,0,1,31.16,gaussian,median,adaptive,kmeans,68.187,46.0,197451345
47.jpg,47,36,-11,11,28,0,1,31.469,gaussian,median,adaptive,kmeans,68.847,44.0,192732825
48.jpg,48,38,-10,10,29,0,1,31.266,gaussian,median,adaptive,kmeans,70.161,42.0,200225235
49.jpg,49,38,-11,11,30,0,1,31.21,gaussian,median,adaptive,kmeans,71.031,51.0,207517980
50.jpg,50,35,-15,15,27,0,1,31.537,gaussian,median,adaptive,kmeans,72.407,54.0,196376265
51.jpg,51,39,-12,12,30,0,1,31.73,gaussian,median,adaptive,kmeans,73.893,46.0,229079760
52.jpg,52,37,-15,15,29,0,1,32.079,gaussian,median,adaptive,kmeans,74.682,44.0,205558050
53.jpg,53,23,-30,30,23,0,0,32.172,gaussian,median,adaptive,kmeans,75.478,47.0,158179305
54.jpg,54,24,-30,30,24,0,0,32.117,gaussian,median,adaptive,kmeans,77.154,48.0,163250490
55.jpg,55,22,-33,33,22,0,0,31.956,gaussian,median,adaptive,kmeans,79.13,53.0,169496970
56.jpg,56,30,-26,26,30,0,0,32.723,gaussian,median,adaptive,kmeans,79.982,53.0,212936475
57.jpg,57,29,-28,28,29,0,0,32.051,gaussian,median,adaptive,kmeans,81.488,51.0,219773025
58.jpg,58,31,-27,27,31,0,0,33.18,gaussian,median,adaptive,kmeans,82.897,56.0,219216870
59.jpg,59,31,-28,28,31,0,0,33.368,gaussian,median,adaptive,kmeans,84.471,58.0,236688450
60.jpg,60,31,-29,29,31,0,0,33.896,gaussian,median,adaptive,kmeans,85.907,61.0,232336365
61.jpg,61,35,-26,26,35,0,0,33.838,gaussian,median,adaptive,kmeans,87.152,60.0,229968690
62.jpg,62,36,-26,26,36,0,0,34.188,gaussian,median,adaptive,kmeans,90.928,60.0,241674210
63.jpg,63,36,-27,27,36,0,0,33.576,gaussian,median,adaptive,kmeans,91.188,63.0,255601800
64.jpg,64,34,-30,30,34,0,0,33.979,gaussian,median,adaptive,kmeans,95.439,63.0,248367450
65.jpg,65,37,-28,28,37,0,0,34.135,gaussian,median,adaptive,kmeans,97.453,66.0,261238830
67.jpg,67,38,-29,29,38,0,0,34.285,gaussian,median,adaptive,kmeans,98.093,67.0,294138420
68.jpg,68,38,-30,30,38,0,0,34.264,gaussian,median,adaptive,kmeans,100.516,69.0,300329310
69.jpg,69,39,-30,30,39,0,0,34.887,gaussian,median,adaptive,kmeans,101.987,71.0,307211505
70.jpg,70,44,-26,26,36,0,1,34.794,gaussian,median,adaptive,kmeans,99.487,70.0,290618910
71.jpg,71,44,-27,27,36,0,1,34.995,gaussian,median,adaptive,kmeans,101.863,64.0,300860475
72.jpg,72,45,-27,27,37,0,1,35.197,gaussian,median,adaptive,kmeans,102.845,68.0,294051210
73.jpg,73,44,-29,29,36,0,1,35.083,gaussian,median,adaptive,kmeans,104.733,71.0,305146770
74.jpg,74,19,-55,55,19,0,0,35.312,gaussian,median,adaptive,kmeans,105.356,71.0,173343390
75.jpg,75,22,-53,53,22,0,0,34.82,gaussian,median,adaptive,kmeans,105.237,72.208,170906610
76.jpg,76,23,-53,53,23,0,0,34.62,gaussian,median,adaptive,kmeans,105.145,71.903,181711215
77.jpg,77,25,-52,52,25,0,0,35.123,gaussian,median,adaptive,kmeans,107.15,72.78,194378595
78.jpg,78,27,-51,51,27,0,0,35.281,gaussian,median,adaptive,kmeans,105.703,70.0,196225050
79.jpg,79,23,-56,56,23,0,0,35.537,gaussian,median,adaptive,kmeans,109.485,73.782,191192115
80.jpg,80,37,-43,43,37,1,0,35.085,gaussian,median,adaptive,kmeans,108.577,72.986,324185580
81.jpg,81,46,-35,35,39,1,1,34.953,gaussian,median,adaptive,kmeans,112.503,73.932,333168720
82.jpg,82,44,-38,38,38,1,1,34.984,gaussian,median,adaptive,kmeans,113.719,73.484,335233455
83.jpg,83,43,-40,40,37,1,1,36.004,gaussian,median,adaptive,kmeans,115.53,74.438,340240125
84.jpg,84,39,-45,45,39,1,0,35.903,gaussian,median,adaptive,kmeans,115.883,74.274,346147455
85.jpg,85,43,-42,42,35,0,1,35.889,gaussian,median,adaptive,kmeans,117.256,75.373,359336055
86.jpg,86,47,-39,39,38,0,1,35.671,gaussian,median,adaptive,kmeans,119.017,74.799,365252565
87.jpg,87,45,-42,42,36,0,1,35.936,gaussian,median,adaptive,kmeans,119.486,75.268,361748610
88.jpg,88,46,-42,42,37,0,1,35.981,gaussian,median,adaptive,kmeans,120.434,75.842,366305970
89.jpg,89,54,-35,35,39,0,2,35.064,gaussian,median,adaptive,kmeans,122.136,75.527,340349265
90.jpg,90,44,-46,46,37,0,1,35.549,gaussian,median,adaptive,kmeans,123.06,76.001,333411990
91.jpg,91,56,-35,35,40,0,2,35.444,gaussian,median,adaptive,kmeans,123.985,76.749,337425180
92.jpg,92,38,-54,54,38,0,0,35.956,gaussian,median,adaptive,kmeans,127.269,76.998,347781750
93.jpg,93,52,-41,41,35,0,2,35.406,gaussian,median,adaptive,kmeans,126.433,76.517,376386630
94.jpg,94,41,-53,53,32,0,1,36.205,gaussian,median,adaptive,kmeans,121.427,76.529,272656200
95.jpg,95,43,-52,52,34,0,1,35.614,gaussian,median,adaptive,kmeans,122.763,76.263,277398435
96.jpg,96,44,-52,52,35,0,1,36.922,gaussian,median,adaptive,kmeans,123.8,77.031,282855945
97.jpg,97,43,-54,54,34,0,1,36.514,gaussian,median,adaptive,kmeans,125.988,77.024,288981555
98.jpg,98,3,-95,95,3,0,0,29.622,gaussian,median,otsu,kmeans,70.628,58.739,82560075
99.jpg,99,6,-93,93,6,0,0,26.979,gaussian,median,otsu,kmeans,61.603,55.607,70931565
100.jpg,100,7,-93,93,7,0,0,26.262,gaussian,median,otsu,kmeans,61.634,55.779,79579380
101.jpg,101,7,-94,94,7,0,0,27.235,gaussian,median,otsu,kmeans,62.335,56.856,80060055
102.jpg,102,8,-94,94,8,0,0,27.141,gaussian,median,otsu,kmeans,63.205,56.697,85325040
103.jpg,103,8,-95,95,8,0,0,27.334,gaussian,median,otsu,kmeans,64.27,57.7,89326500
104.jpg,104,7,-97,97,7,0,0,27.638,gaussian,median,otsu,kmeans,65.134,57.905,90858285
105.jpg,105,7,-98,98,7,0,0,28.113,gaussian,median,otsu,kmeans,67.2,58.944,100196640
106.jpg,106,7,-99,99,7,0,0,28.413,gaussian,median,otsu,kmeans,67.59,59.381,77655150
107.jpg,107,6,-101,101,6,0,0,28.056,gaussian,median,otsu,kmeans,68.331,59.306,85931175
109.jpg,109,6,-103,103,6,0,0,28.576,gaussian,median,otsu,kmeans,68.289,59.99,91358850
110.jpg,110,9,-101,101,9,0,0,31.317,gaussian,median,otsu,kmeans,83.468,65.584,80300775
111.jpg,111,12,-99,99,12,0,0,31.901,gaussian,median,otsu,kmeans,84.445,65.96,89248980
112.jpg,112,11,-101,101,11,0,0,31.833,gaussian,median,otsu,kmeans,86.225,67.287,100043640
113.jpg,113,12,-101,101,12,0,0,31.852,gaussian,median,otsu,kmeans,87.147,67.806,103586100
114.jpg,114,13,-101,101,13,0,0,32.21,gaussian,median,otsu,kmeans,92.105,69.844,118352640
115.jpg,115,14,-101,101,14,0,0,32.98,gaussian,median,otsu,kmeans,94.844,70.296,122636385
116.jpg,116,14,-102,102,14,0,0,32.283,gaussian,median,otsu,kmeans,94.769,70.166,119547825
118.jpg,118,18,-100,100,18,0,0,33.438,gaussian,median,otsu,kmeans,100.553,71.182,142381290
119.jpg,119,18,-101,101,18,0,0,33.447,gaussian,median,otsu,kmeans,103.394,71.528,151237440
120.jpg,120,21,-99,99,11,0,1,34.062,gaussian,median,otsu,kmeans,102.332,71.94,122996955
121.jpg,121,24,-97,97,13,0,1,33.825,gaussian,median,otsu,kmeans,104.756,72.738,128105115
122.jpg,122,25,-97,97,13,0,1,33.377,gaussian,median,otsu,kmeans,105.466,72.629,127357965
123.jpg,123,21,-102,102,21,0,0,33.972,gaussian,median,otsu,kmeans,105.604,73.058,163588365
124.jpg,124,16,-108,108,16,0,0,33.459,gaussian,median,otsu,kmeans,107.105,73.196,126770700
125.jpg,125,21,-104,104,21,0,0,33.402,gaussian,median,otsu,kmeans,108.493,74.237,164156760
126.jpg,126,22,-104,104,22,0,0,33.056,gaussian,median,otsu,kmeans,108.867,73.472,175463460
127.jpg,127,15,-112,112,15,0,0,33.239,gaussian,median,otsu,kmeans,110.308,74.022,158163750
128.jpg,128,14,-114,114,14,0,0,34.1,gaussian,median,otsu,kmeans,110.82,74.659,161162040
129.jpg,129,15,-114,114,15,0,0,33.778,gaussian,median,otsu,kmeans,112.18,74.686,161704425
130.jpg,130,17,-113,113,17,0,0,33.599,gaussian,median,otsu,kmeans,113.026,75.068,168505530
131.jpg,131,15,-116,116,15,0,0,33.889,gaussian,median,otsu,kmeans,113.712,75.451,168100590
132.jpg,132,14,-118,118,14,0,0,33.22,gaussian,median,otsu,kmeans,114.577,74.991,165291510
133.jpg,133,15,-118,118,15,0,0,33.686,gaussian,median,otsu,kmeans,114.996,75.398,171050940
134.jpg,134,13,-121,121,13,0,0,33.968,gaussian,median,otsu,kmeans,116.08,75.331,174408780
135.jpg,135,21,-114,114,10,0,1,34.023,gaussian,median,otsu,kmeans,114.091,76.069,122672850
136.jpg,136,22,-114,114,10,0,1,35.05,gaussian,median,otsu,kmeans,122.526,77.007,148567590
137.jpg,137,22,-115,115,13,0,1,34.99,gaussian,median,otsu,kmeans,122.978,77.329,150330660
138.jpg,138,21,-117,117,12,0,1,35.17,gaussian,median,otsu,kmeans,124.181,77.44,152588175
139.jpg,139,26,-113,113,16,0,1,34.438,gaussian,median,otsu,kmeans,123.261,77.408,251720700
140.jpg,140,26,-114,114,16,0,1,33.329,gaussian,median,otsu,kmeans,120.758,76.742,194966370
141.jpg,141,24,-117,117,14,0,1,34.654,gaussian,median,otsu,kmeans,126.025,77.616,145716435
142.jpg,142,27,-115,115,18,0,1,33.554,gaussian,median,otsu,kmeans,123.821,77.109,209312670
143.jpg,143,25,-118,118,16,0,1,33.969,gaussian,median,otsu,kmeans,125.06,77.473,239245590
144.jpg,144,25,-119,119,16,0,1,34.287,gaussian,median,otsu,kmeans,125.188,77.569,236913615
